{"cameraMode":{"drawMode":0,"name":"Shaded","section":"Shading Mode"},"sceneLighting":false,"audioPlay":false,"sceneViewState":{"m_AlwaysRefresh":false,"showFog":true,"showSkybox":false,"showFlares":true,"showImageEffects":true,"showParticleSystems":true,"showVisualEffectGraphs":true,"m_FxEnabled":true},"in2DMode":false,"pivot":{"x":1.6187620162963868,"y":2.384185791015625e-7,"z":0.20739930868148805},"rotation":{"x":-0.21730992197990418,"y":0.6376258730888367,"z":-0.19431641697883607,"w":-0.7130721807479858},"size":0.8660253882408142,"orthographic":false}