{"cameraMode":{"drawMode":0,"name":"Shaded","section":"Shading Mode"},"sceneLighting":false,"audioPlay":false,"sceneViewState":{"m_AlwaysRefresh":false,"showFog":true,"showSkybox":false,"showFlares":true,"showImageEffects":true,"showParticleSystems":true,"showVisualEffectGraphs":true,"m_FxEnabled":true},"in2DMode":false,"pivot":{"x":-0.12605461478233338,"y":-0.15543246269226075,"z":0.10542923212051392},"rotation":{"x":0.6182112097740173,"y":0.04026871547102928,"z":-0.03174012899398804,"w":0.7843397855758667},"size":0.8359031081199646,"orthographic":false}